{
  "episode": 1,
  "step": 1,
  "string_index": 2,
  "target_fret": 7,
  "fret_position": 6.9253058433532715,
  "torque": 245.64694213867188,
  "harmonic_prob": "0.957596",
  "dead_prob": "4.523009e-05",
  "general_prob": "0.04235877",
  "confidence": 0.9575960040092468,
  "predicted_label": "harmonic",
  "total_reward": 0.32150670814850396,
  "audio_reward": 0.9575960040092468,
  "fret_reward": 0.9774850176646066,
  "torque_reward": -0.8711671348245099,
  "device_sr": 44100,
  "wav_file": "000001_20260228_171727_str2_fret6.93_torque246.wav",
  "sample_rate": 44100,
  "suggested_label": "harmonic",
  "reviewed": false
}