{
  "episode": 14,
  "step": 2,
  "string_index": 2,
  "target_fret": 7,
  "fret_position": 7.113719463348389,
  "torque": 211.19757080078125,
  "harmonic_prob": "0.89184165",
  "dead_prob": "9.062747e-09",
  "general_prob": "0.108158335",
  "confidence": 0.8918416500091553,
  "predicted_label": "harmonic",
  "total_reward": 0.3600220044238248,
  "audio_reward": 0.8918416500091553,
  "fret_reward": 0.9485847439736641,
  "torque_reward": -0.6600676767857938,
  "device_sr": 44100,
  "wav_file": "000014_20260228_173821_str2_fret7.11_torque211.wav",
  "sample_rate": 44100,
  "suggested_label": "harmonic",
  "reviewed": false
}