{
  "episode": 3,
  "step": 3,
  "string_index": 2,
  "target_fret": 7,
  "fret_position": 7.157623291015625,
  "torque": 40.52256393432617,
  "harmonic_prob": "0.92342204",
  "dead_prob": "7.574371e-05",
  "general_prob": "0.07650219",
  "confidence": 0.9234220385551453,
  "predicted_label": "harmonic",
  "total_reward": 0.8942218119477044,
  "audio_reward": 0.9234220385551453,
  "fret_reward": 0.9035637802132698,
  "torque_reward": 0.8513403958721004,
  "device_sr": 44100,
  "wav_file": "000003_20260228_173310_str2_fret7.16_torque41.wav",
  "sample_rate": 44100,
  "suggested_label": "harmonic",
  "reviewed": false
}