{
  "episode": 4,
  "step": 3,
  "string_index": 2,
  "target_fret": 7,
  "fret_position": 7.2712082862854,
  "torque": 38.24503707885742,
  "harmonic_prob": "0.89407253",
  "dead_prob": "2.5398435e-08",
  "general_prob": "0.105927415",
  "confidence": 0.8940725326538086,
  "predicted_label": "harmonic",
  "total_reward": 0.8404499669991654,
  "audio_reward": 0.8940725326538086,
  "fret_reward": 0.7406551541525667,
  "torque_reward": 0.8285322756412519,
  "device_sr": 44100,
  "wav_file": "000004_20260228_173328_str2_fret7.27_torque38.wav",
  "sample_rate": 44100,
  "suggested_label": "harmonic",
  "reviewed": false
}