{
  "episode": 16,
  "step": 2,
  "string_index": 2,
  "target_fret": 7,
  "fret_position": 7.113236427307129,
  "torque": 198.3407745361328,
  "harmonic_prob": "0.82374126",
  "dead_prob": "3.0141774e-08",
  "general_prob": "0.17625874",
  "confidence": 0.8237412571907043,
  "predicted_label": "harmonic",
  "total_reward": 0.37238236169155525,
  "audio_reward": 0.8237412571907043,
  "fret_reward": 0.9490092933581209,
  "torque_reward": -0.5374373220453881,
  "device_sr": 44100,
  "wav_file": "000016_20260228_173908_str2_fret7.11_torque198.wav",
  "sample_rate": 44100,
  "suggested_label": "harmonic",
  "reviewed": false
}