{
  "episode": 3,
  "step": 4,
  "string_index": 2,
  "target_fret": 7,
  "fret_position": 7.226489543914795,
  "torque": 62.87825012207031,
  "harmonic_prob": "0.97938305",
  "dead_prob": "0.00011542835",
  "general_prob": "0.020501403",
  "confidence": 0.9793830513954163,
  "predicted_label": "harmonic",
  "total_reward": 0.9497913886344646,
  "audio_reward": 0.9793830513954163,
  "fret_reward": 0.8110889056653384,
  "torque_reward": 0.9910035267813131,
  "device_sr": 44100,
  "wav_file": "000003_20260228_171336_str2_fret7.23_torque63.wav",
  "sample_rate": 44100,
  "suggested_label": "harmonic",
  "reviewed": false
}