{
  "episode": 2,
  "step": 3,
  "string_index": 2,
  "target_fret": 7,
  "fret_position": 7.2533464431762695,
  "torque": 44.27519607543945,
  "harmonic_prob": "0.98092514",
  "dead_prob": "0.00018737919",
  "general_prob": "0.01888754",
  "confidence": 0.9809251427650452,
  "predicted_label": "harmonic",
  "total_reward": 0.9053331759984868,
  "audio_reward": 0.9809251427650452,
  "fret_reward": 0.7695285490650702,
  "torque_reward": 0.8857461484034357,
  "device_sr": 44100,
  "wav_file": "000002_20260228_173251_str2_fret7.25_torque44.wav",
  "sample_rate": 44100,
  "suggested_label": "harmonic",
  "reviewed": false
}