{
  "episode": 6,
  "step": 6,
  "string_index": 2,
  "target_fret": 7,
  "fret_position": 7.280567646026611,
  "torque": 67.82600402832031,
  "harmonic_prob": "0.99942243",
  "dead_prob": "1.1090852e-06",
  "general_prob": "0.00057656225",
  "confidence": 0.9994224309921265,
  "predicted_label": "harmonic",
  "total_reward": 0.9444873839713992,
  "audio_reward": 0.9994224309921265,
  "fret_reward": 0.7252065328321247,
  "torque_reward": 0.999159952738621,
  "device_sr": 44100,
  "wav_file": "000006_20260228_173423_str2_fret7.28_torque68.wav",
  "sample_rate": 44100,
  "suggested_label": "harmonic",
  "reviewed": false
}