{
  "episode": 12,
  "step": 4,
  "string_index": 2,
  "target_fret": 7,
  "fret_position": 7.284599304199219,
  "torque": 68.92427825927734,
  "harmonic_prob": "0.95018184",
  "dead_prob": "1.4843715e-06",
  "general_prob": "0.049816668",
  "confidence": 0.9501818418502808,
  "predicted_label": "harmonic",
  "total_reward": 0.9212084705579671,
  "audio_reward": 0.9501818418502808,
  "fret_reward": 0.7184932008161399,
  "torque_reward": 0.9997942901774648,
  "device_sr": 44100,
  "wav_file": "000012_20260228_173719_str2_fret7.28_torque69.wav",
  "sample_rate": 44100,
  "suggested_label": "harmonic",
  "reviewed": false
}