{
  "episode": 15,
  "step": 4,
  "string_index": 2,
  "target_fret": 7,
  "fret_position": 7.263486385345459,
  "torque": 69.36346435546875,
  "harmonic_prob": "0.9889924",
  "dead_prob": "6.4655987e-06",
  "general_prob": "0.011001151",
  "confidence": 0.9889923930168152,
  "predicted_label": "harmonic",
  "total_reward": 0.9456699270824602,
  "audio_reward": 0.9889923930168152,
  "fret_reward": 0.753242804116163,
  "torque_reward": 0.9999279697190311,
  "device_sr": 44100,
  "wav_file": "000015_20260228_173855_str2_fret7.26_torque69.wav",
  "sample_rate": 44100,
  "suggested_label": "harmonic",
  "reviewed": false
}