{
  "episode": 5,
  "step": 3,
  "string_index": 2,
  "target_fret": 7,
  "fret_position": 7.198859214782715,
  "torque": 45.21741485595703,
  "harmonic_prob": "0.9934069",
  "dead_prob": "1.3447453e-05",
  "general_prob": "0.0065795826",
  "confidence": 0.9934068918228149,
  "predicted_label": "harmonic",
  "total_reward": 0.9300310465114616,
  "audio_reward": 0.9934068918228149,
  "fret_reward": 0.8509447199538003,
  "torque_reward": 0.8937400034298135,
  "device_sr": 44100,
  "wav_file": "000005_20260228_173346_str2_fret7.20_torque45.wav",
  "sample_rate": 44100,
  "suggested_label": "harmonic",
  "reviewed": false
}