{
  "episode": 7,
  "step": 4,
  "string_index": 2,
  "target_fret": 7,
  "fret_position": 7.260069370269775,
  "torque": 89.7663345336914,
  "harmonic_prob": "0.9705904",
  "dead_prob": "3.7166772e-06",
  "general_prob": "0.029405855",
  "confidence": 0.9705904126167297,
  "predicted_label": "harmonic",
  "total_reward": 0.9146249002495213,
  "audio_reward": 0.9705904126167297,
  "fret_reward": 0.7587631376889641,
  "torque_reward": 0.9317331058120002,
  "device_sr": 44100,
  "wav_file": "000007_20260228_173446_str2_fret7.26_torque90.wav",
  "sample_rate": 44100,
  "suggested_label": "harmonic",
  "reviewed": false
}