{
  "episode": 11,
  "step": 4,
  "string_index": 2,
  "target_fret": 7,
  "fret_position": 7.247040271759033,
  "torque": 75.82147216796875,
  "harmonic_prob": "0.99920684",
  "dead_prob": "2.7018411e-06",
  "general_prob": "0.000790481",
  "confidence": 0.9992068409919739,
  "predicted_label": "harmonic",
  "total_reward": 0.953438357265441,
  "audio_reward": 0.9992068409919739,
  "fret_reward": 0.7795039414097436,
  "torque_reward": 0.9939842586774403,
  "device_sr": 44100,
  "wav_file": "000011_20260228_173654_str2_fret7.25_torque76.wav",
  "sample_rate": 44100,
  "suggested_label": "harmonic",
  "reviewed": false
}