{
  "episode": 17,
  "step": 4,
  "string_index": 2,
  "target_fret": 7,
  "fret_position": 7.213153839111328,
  "torque": 65.27772521972656,
  "harmonic_prob": "0.99923563",
  "dead_prob": "2.4727565e-06",
  "general_prob": "0.00076190423",
  "confidence": 0.9992356300354004,
  "predicted_label": "harmonic",
  "total_reward": 0.9644164025075197,
  "audio_reward": 0.9992356300354004,
  "fret_reward": 0.8307327136294346,
  "torque_reward": 0.996039503616293,
  "device_sr": 44100,
  "wav_file": "000017_20260228_173937_str2_fret7.21_torque65.wav",
  "sample_rate": 44100,
  "suggested_label": "harmonic",
  "reviewed": false
}