{
  "episode": 13,
  "step": 6,
  "string_index": 2,
  "target_fret": 7,
  "fret_position": 7.295351028442383,
  "torque": 86.76504516601562,
  "harmonic_prob": "0.8998431",
  "dead_prob": "4.8884226e-06",
  "general_prob": "0.10015195",
  "confidence": 0.8998430967330933,
  "predicted_label": "harmonic",
  "total_reward": 0.8777449843133573,
  "audio_reward": 0.8998430967330933,
  "fret_reward": 0.7004376546527572,
  "torque_reward": 0.9506515995797542,
  "device_sr": 44100,
  "wav_file": "000013_20260228_173808_str2_fret7.30_torque87.wav",
  "sample_rate": 44100,
  "suggested_label": "harmonic",
  "reviewed": false
}