{
  "episode": 1,
  "step": 6,
  "string_index": 2,
  "target_fret": 7,
  "fret_position": 7.281141757965088,
  "torque": 89.02881622314453,
  "harmonic_prob": "0.99882025",
  "dead_prob": "7.678744e-08",
  "general_prob": "0.0011796008",
  "confidence": 0.9988202452659607,
  "predicted_label": "harmonic",
  "total_reward": 0.9221479482064757,
  "audio_reward": 0.9988202452659607,
  "fret_reward": 0.7242525993225599,
  "torque_reward": 0.9366523370636612,
  "device_sr": 44100,
  "wav_file": "000001_20260228_173234_str2_fret7.28_torque89.wav",
  "sample_rate": 44100,
  "suggested_label": "harmonic",
  "reviewed": false
}