{
  "episode": 10,
  "step": 4,
  "string_index": 2,
  "target_fret": 7,
  "fret_position": 7.232676982879639,
  "torque": 69.32737731933594,
  "harmonic_prob": "0.98237497",
  "dead_prob": "7.81285e-06",
  "general_prob": "0.017617187",
  "confidence": 0.9823749661445618,
  "predicted_label": "harmonic",
  "total_reward": 0.9523881235092673,
  "audio_reward": 0.9823749661445618,
  "fret_reward": 0.801737694175067,
  "torque_reward": 0.999919571169146,
  "device_sr": 44100,
  "wav_file": "000010_20260228_173625_str2_fret7.23_torque69.wav",
  "sample_rate": 44100,
  "suggested_label": "harmonic",
  "reviewed": false
}