{
  "mean_reward": 2.621947784648974,
  "std_reward": 0.8016884180329278,
  "episode_success_rate": 1.0,
  "step_success_rate": 0.275,
  "mean_steps": 4.0,
  "mean_attempts": 4.15,
  "filter_rate": 0.03614457831325302,
  "mean_harmonic_prob": 0.9540659189224243,
  "mean_position": 189.5173898279667,
  "mean_torque": 148.47815013726552,
  "n_episodes": 20,
  "episode_rewards": [
    3.7667867640521244,
    2.0600120762559038,
    1.8395367784170382,
    1.8833305983522008,
    2.138516286790932,
    3.6748084338385953,
    2.758796433203104,
    4.257830682013186,
    2.5865085115909148,
    2.288440818153862,
    2.988197114276802,
    2.5314122263052115,
    4.039986142105474,
    1.2515913429712744,
    2.839131923878489,
    1.2813489403311342,
    2.561974917291692,
    2.5857533043842196,
    2.6758217155706348,
    2.429170683196678
  ],
  "episode_successes": [
    1.0,
    1.0,
    1.0,
    1.0,
    1.0,
    1.0,
    1.0,
    1.0,
    1.0,
    1.0,
    1.0,
    1.0,
    1.0,
    1.0,
    1.0,
    1.0,
    1.0,
    1.0,
    1.0,
    1.0
  ],
  "episode_step_success_rates": [
    0.16666666666666666,
    0.3333333333333333,
    0.3333333333333333,
    0.3333333333333333,
    0.3333333333333333,
    0.16666666666666666,
    0.25,
    0.16666666666666666,
    0.25,
    0.25,
    0.25,
    0.25,
    0.16666666666666666,
    0.5,
    0.25,
    0.5,
    0.25,
    0.25,
    0.25,
    0.25
  ],
  "episode_harmonic_probs": [
    0.9988202452659607,
    0.9809251427650452,
    0.9234220385551453,
    0.8940725326538086,
    0.9934068918228149,
    0.9994224309921265,
    0.9705904126167297,
    0.9967094659805298,
    0.9845914840698242,
    0.9823749661445618,
    0.9992068409919739,
    0.9501818418502808,
    0.8998430967330933,
    0.8918416500091553,
    0.9889923930168152,
    0.8237412571907043,
    0.9992356300354004,
    0.9797704219818115,
    0.8452306985855103,
    0.9789395928382874
  ],
  "episode_target_frets": [
    7,
    7,
    7,
    7,
    7,
    7,
    7,
    7,
    7,
    7,
    7,
    7,
    7,
    7,
    7,
    7,
    7,
    7,
    7,
    7
  ],
  "episode_string_indices": [
    2,
    2,
    2,
    2,
    2,
    2,
    2,
    2,
    2,
    2,
    2,
    2,
    2,
    2,
    2,
    2,
    2,
    2,
    2,
    2
  ],
  "results_by_fret": {
    "7": {
      "n_episodes": 20,
      "episode_success_rate": 1.0,
      "step_success_rate": 0.275,
      "mean_harmonic_prob": 0.9540659189224243,
      "mean_reward": 2.621947784648974,
      "mean_steps": 4.0
    }
  },
  "results_by_string": {
    "2": {
      "n_episodes": 20,
      "episode_success_rate": 1.0,
      "step_success_rate": 0.275,
      "mean_harmonic_prob": 0.9540659189224243,
      "mean_reward": 2.621947784648974,
      "mean_steps": 4.0
    }
  },
  "image_analysis": {
    "mean_cosine_sim": 0.704413702338934,
    "std_cosine_sim": 0.03721769239621652,
    "mean_mse": 0.03989726346917451,
    "std_mse": 0.013226699903083856,
    "n_steps": 80,
    "per_fret": {
      "7": {
        "n": 80,
        "mean_cosine_sim": 0.704413702338934,
        "std_cosine_sim": 0.03721769239621652,
        "mean_mse": 0.03989726346917451,
        "std_mse": 0.013226699903083856
      }
    },
    "step_metrics": [
      {
        "fret": 7,
        "cosine_sim": 0.7316442728042603,
        "mse": 0.03124130330979824
      },
      {
        "fret": 7,
        "cosine_sim": 0.6803260445594788,
        "mse": 0.04919062927365303
      },
      {
        "fret": 7,
        "cosine_sim": 0.7411419153213501,
        "mse": 0.029023466631770134
      },
      {
        "fret": 7,
        "cosine_sim": 0.6213592290878296,
        "mse": 0.09802243858575821
      },
      {
        "fret": 7,
        "cosine_sim": 0.7763599157333374,
        "mse": 0.02882537804543972
      },
      {
        "fret": 7,
        "cosine_sim": 0.6662574410438538,
        "mse": 0.03954749554395676
      },
      {
        "fret": 7,
        "cosine_sim": 0.7215868830680847,
        "mse": 0.03299101069569588
      },
      {
        "fret": 7,
        "cosine_sim": 0.6749783754348755,
        "mse": 0.048334941267967224
      },
      {
        "fret": 7,
        "cosine_sim": 0.7757878303527832,
        "mse": 0.02255273051559925
      },
      {
        "fret": 7,
        "cosine_sim": 0.6599565148353577,
        "mse": 0.048788391053676605
      },
      {
        "fret": 7,
        "cosine_sim": 0.6964690089225769,
        "mse": 0.04110759124159813
      },
      {
        "fret": 7,
        "cosine_sim": 0.6675568222999573,
        "mse": 0.037070803344249725
      },
      {
        "fret": 7,
        "cosine_sim": 0.7082464098930359,
        "mse": 0.03699149191379547
      },
      {
        "fret": 7,
        "cosine_sim": 0.6754031777381897,
        "mse": 0.04590212553739548
      },
      {
        "fret": 7,
        "cosine_sim": 0.7782143354415894,
        "mse": 0.025973059237003326
      },
      {
        "fret": 7,
        "cosine_sim": 0.6670464277267456,
        "mse": 0.048262763768434525
      },
      {
        "fret": 7,
        "cosine_sim": 0.7076209783554077,
        "mse": 0.034689925611019135
      },
      {
        "fret": 7,
        "cosine_sim": 0.6880578994750977,
        "mse": 0.035085372626781464
      },
      {
        "fret": 7,
        "cosine_sim": 0.7135695219039917,
        "mse": 0.03551618382334709
      },
      {
        "fret": 7,
        "cosine_sim": 0.6747791767120361,
        "mse": 0.04509304463863373
      },
      {
        "fret": 7,
        "cosine_sim": 0.7740364670753479,
        "mse": 0.024522587656974792
      },
      {
        "fret": 7,
        "cosine_sim": 0.7088978886604309,
        "mse": 0.0352102555334568
      },
      {
        "fret": 7,
        "cosine_sim": 0.7608152627944946,
        "mse": 0.026029115542769432
      },
      {
        "fret": 7,
        "cosine_sim": 0.707087516784668,
        "mse": 0.03413829952478409
      },
      {
        "fret": 7,
        "cosine_sim": 0.7090221643447876,
        "mse": 0.0362764447927475
      },
      {
        "fret": 7,
        "cosine_sim": 0.6733339428901672,
        "mse": 0.0468343086540699
      },
      {
        "fret": 7,
        "cosine_sim": 0.7862467169761658,
        "mse": 0.022287776693701744
      },
      {
        "fret": 7,
        "cosine_sim": 0.6772504448890686,
        "mse": 0.03716461732983589
      },
      {
        "fret": 7,
        "cosine_sim": 0.7108543515205383,
        "mse": 0.03253304213285446
      },
      {
        "fret": 7,
        "cosine_sim": 0.6669324636459351,
        "mse": 0.04921569302678108
      },
      {
        "fret": 7,
        "cosine_sim": 0.7769476175308228,
        "mse": 0.023971891030669212
      },
      {
        "fret": 7,
        "cosine_sim": 0.6869055032730103,
        "mse": 0.03785768896341324
      },
      {
        "fret": 7,
        "cosine_sim": 0.7648163437843323,
        "mse": 0.0249053705483675
      },
      {
        "fret": 7,
        "cosine_sim": 0.6921462416648865,
        "mse": 0.03475640341639519
      },
      {
        "fret": 7,
        "cosine_sim": 0.7103881239891052,
        "mse": 0.035087816417217255
      },
      {
        "fret": 7,
        "cosine_sim": 0.6808021068572998,
        "mse": 0.046355947852134705
      },
      {
        "fret": 7,
        "cosine_sim": 0.7441376447677612,
        "mse": 0.06486769765615463
      },
      {
        "fret": 7,
        "cosine_sim": 0.695171594619751,
        "mse": 0.0363890677690506
      },
      {
        "fret": 7,
        "cosine_sim": 0.7030249834060669,
        "mse": 0.03476570546627045
      },
      {
        "fret": 7,
        "cosine_sim": 0.6769866347312927,
        "mse": 0.04817774146795273
      },
      {
        "fret": 7,
        "cosine_sim": 0.7507809996604919,
        "mse": 0.02847609855234623
      },
      {
        "fret": 7,
        "cosine_sim": 0.7045480608940125,