{
  "mean_reward": 2.8114487206534875,
  "std_reward": 1.1607795075734653,
  "episode_success_rate": 0.9,
  "step_success_rate": 0.26666666666666666,
  "mean_steps": 5.0,
  "mean_attempts": 5.8,
  "filter_rate": 0.13793103448275867,
  "mean_harmonic_prob": 0.8343143463134766,
  "mean_position": 189.66528808911644,
  "mean_torque": 157.82747819105785,
  "n_episodes": 10,
  "episode_rewards": [
    1.5076128077043125,
    1.339756490063277,
    1.6138784098382224,
    2.1613525167667547,
    2.7865839976463307,
    4.526813580731236,
    3.2931233363520365,
    4.348551475492414,
    4.216039178032706,
    2.320775413907587
  ],
  "episode_successes": [
    1.0,
    1.0,
    1.0,
    1.0,
    1.0,
    1.0,
    1.0,
    1.0,
    0.0,
    1.0
  ],
  "episode_step_success_rates": [
    0.5,
    0.5,
    0.5,
    0.25,
    0.25,
    0.125,
    0.16666666666666666,
    0.125,
    0.0,
    0.25
  ],
  "episode_harmonic_probs": [
    0.92854905128479,
    0.9978649020195007,
    0.9562242031097412,
    0.9713855981826782,
    0.9297374486923218,
    0.9871569275856018,
    0.8007944226264954,
    0.8278502821922302,
    5.059054911105143e-11,
    0.9435810446739197
  ],
  "episode_target_frets": [
    7,
    7,
    7,
    7,
    7,
    7,
    7,
    7,
    7,
    7
  ],
  "episode_string_indices": [
    2,
    2,
    2,
    2,
    2,
    2,
    2,
    2,
    2,
    2
  ],
  "results_by_fret": {
    "7": {
      "n_episodes": 10,
      "episode_success_rate": 0.9,
      "step_success_rate": 0.26666666666666666,
      "mean_harmonic_prob": 0.8343143463134766,
      "mean_reward": 2.8114487206534875,
      "mean_steps": 5.0
    }
  },
  "results_by_string": {
    "2": {
      "n_episodes": 10,
      "episode_success_rate": 0.9,
      "step_success_rate": 0.26666666666666666,
      "mean_harmonic_prob": 0.8343143463134766,
      "mean_reward": 2.8114487206534875,
      "mean_steps": 5.0
    }
  }
}