{
  "mean_reward": 3.133451819558805,
  "std_reward": 1.2418894803158944,
  "episode_success_rate": 0.95,
  "step_success_rate": 0.5117857142857142,
  "mean_steps": 3.3,
  "mean_attempts": 3.3,
  "filter_rate": 0.0,
  "mean_harmonic_prob": 0.8772104978561401,
  "mean_position": 185.3368173990363,
  "mean_torque": 72.29831462451389,
  "n_episodes": 20,
  "episode_rewards": [
    2.46656443565478,
    1.9743850393406226,
    4.17425617908788,
    1.902871321629302,
    1.94565017542095,
    3.488063605962916,
    2.5174919115769923,
    2.4351353689843385,
    1.9120939040309737,
    3.3560662044820164,
    5.651584512808246,
    2.986346450450338,
    5.26319329532941,
    3.1385897618582588,
    2.6822909859388147,
    1.9493052779230902,
    1.977010180029562,
    4.585278197858816,
    5.6436768297734785,
    2.619182753035313
  ],
  "episode_successes": [
    1.0,
    1.0,
    1.0,
    1.0,
    1.0,
    1.0,
    1.0,
    1.0,
    1.0,
    1.0,
    1.0,
    1.0,
    1.0,
    1.0,
    1.0,
    1.0,
    1.0,
    1.0,
    0.0,
    1.0
  ],
  "episode_step_success_rates": [
    0.5,
    1.0,
    0.2,
    1.0,
    1.0,
    0.25,
    0.5,
    0.5,
    1.0,
    0.25,
    0.14285714285714285,
    0.3333333333333333,
    0.14285714285714285,
    0.25,
    0.5,
    1.0,
    1.0,
    0.16666666666666666,
    0.0,
    0.5
  ],
  "episode_harmonic_probs": [
    0.8648115396499634,
    0.964065670967102,
    0.9415492415428162,
    0.8369176983833313,
    0.8847946524620056,
    0.8942453265190125,
    0.9407318830490112,
    0.940853476524353,
    0.8461377620697021,
    0.8152711987495422,
    0.9365072250366211,
    0.9114235043525696,
    0.9904145002365112,
    0.9082674980163574,
    0.9726184010505676,
    0.9771900773048401,
    0.9759676456451416,
    0.9880732893943787,
    4.704723416404377e-11,
    0.9543707966804504
  ],
  "episode_target_frets": [
    7,
    7,
    7,
    7,
    7,
    7,
    7,
    7,
    7,
    7,
    7,
    7,
    7,
    7,
    7,
    7,
    7,
    7,
    7,
    7
  ],
  "episode_string_indices": [
    2,
    2,
    2,
    2,
    2,
    2,
    2,
    2,
    2,
    2,
    2,
    2,
    2,
    2,
    2,
    2,
    2,
    2,
    2,
    2
  ],
  "results_by_fret": {
    "7": {
      "n_episodes": 20,
      "episode_success_rate": 0.95,
      "step_success_rate": 0.5117857142857142,
      "mean_harmonic_prob": 0.8772104978561401,
      "mean_reward": 3.133451819558805,
      "mean_steps": 3.3
    }
  },
  "results_by_string": {
    "2": {
      "n_episodes": 20,
      "episode_success_rate": 0.95,
      "step_success_rate": 0.5117857142857142,
      "mean_harmonic_prob": 0.8772104978561401,
      "mean_reward": 3.133451819558805,
      "mean_steps": 3.3
    }
  },
  "image_analysis": {
    "mean_cosine_sim": 0.696793668197863,
    "std_cosine_sim": 0.045106106527327924,
    "mean_mse": 0.04679972356693311,
    "std_mse": 0.020076838690266562,
    "n_steps": 66,
    "per_fret": {
      "7": {
        "n": 66,
        "mean_cosine_sim": 0.696793668197863,
        "std_cosine_sim": 0.045106106527327924,
        "mean_mse": 0.04679972356693311,
        "std_mse": 0.020076838690266562
      }
    },
    "step_metrics": [
      {
        "fret": 7,
        "cosine_sim": 0.727012574672699,
        "mse": 0.03060014359652996
      },
      {
        "fret": 7,
        "cosine_sim": 0.6824958920478821,
        "mse": 0.03862582519650459
      },
      {
        "fret": 7,
        "cosine_sim": 0.7354397177696228,
        "mse": 0.028177233412861824
      },
      {
        "fret": 7,
        "cosine_sim": 0.6362683773040771,
        "mse": 0.09443209320306778
      },
      {
        "fret": 7,
        "cosine_sim": 0.7368112802505493,
        "mse": 0.02976653166115284
      },
      {
        "fret": 7,
        "cosine_sim": 0.636456310749054,
        "mse": 0.09432777017354965
      },
      {
        "fret": 7,
        "cosine_sim": 0.7459719777107239,
        "mse": 0.06299200654029846
      },
      {
        "fret": 7,
        "cosine_sim": 0.6677348017692566,
        "mse": 0.04079657420516014
      },
      {
        "fret": 7,
        "cosine_sim": 0.6454567909240723,
        "mse": 0.038589462637901306
      },
      {
        "fret": 7,
        "cosine_sim": 0.6624428629875183,
        "mse": 0.041820455342531204
      },
      {
        "fret": 7,
        "cosine_sim": 0.7251480221748352,
        "mse": 0.029883379116654396
      },
      {
        "fret": 7,
        "cosine_sim": 0.660150945186615,
        "mse": 0.04150160402059555
      },
      {
        "fret": 7,
        "cosine_sim": 0.7467597723007202,
        "mse": 0.06256601214408875
      },
      {
        "fret": 7,
        "cosine_sim": 0.6783029437065125,
        "mse": 0.04095426946878433
      },
      {
        "fret": 7,
        "cosine_sim": 0.7410841584205627,
        "mse": 0.027475470677018166
      },
      {
        "fret": 7,
        "cosine_sim": 0.6520294547080994,
        "mse": 0.043623186647892
      },
      {
        "fret": 7,
        "cosine_sim": 0.7501041889190674,
        "mse": 0.06279068440198898
      },
      {
        "fret": 7,
        "cosine_sim": 0.6853624582290649,
        "mse": 0.03959212452173233
      },
      {
        "fret": 7,
        "cosine_sim": 0.7450613379478455,
        "mse": 0.026937585324048996
      },
      {
        "fret": 7,
        "cosine_sim": 0.6233958005905151,
        "mse": 0.09437762945890427
      },
      {
        "fret": 7,
        "cosine_sim": 0.7301265001296997,
        "mse": 0.028356587514281273
      },
      {
        "fret": 7,
        "cosine_sim": 0.6776185035705566,
        "mse": 0.04014350101351738
      },
      {
        "fret": 7,
        "cosine_sim": 0.7345153093338013,
        "mse": 0.028380712494254112
      },
      {
        "fret": 7,
        "cosine_sim": 0.6365528702735901,
        "mse": 0.044694095849990845
      },
      {
        "fret": 7,
        "cosine_sim": 0.7309587597846985,
        "mse": 0.029217546805739403
      },
      {
        "fret": 7,
        "cosine_sim": 0.6294190287590027,
        "mse": 0.09609506279230118
      },
      {
        "fret": 7,
        "cosine_sim": 0.6964759826660156,
        "mse": 0.03327435255050659
      },
      {
        "fret": 7,
        "cosine_sim": 0.679432213306427,
        "mse": 0.03992709517478943
      },
      {
        "fret": 7,
        "cosine_sim": 0.74840247631073,
        "mse": 0.06335984915494919
      },
      {
        "fret": 7,
        "cosine_sim": 0.6805974841117859,
        "mse": 0.03912758454680443
      },
      {
        "fret": 7,
        "cosine_sim": 0.7304869294166565,
        "mse": 0.030162407085299492
      },
      {
        "fret": 7,
        "cosine_sim": 0.6665534377098083,
        "mse": 0.043864455074071884
      },
      {
        "fret": 7,
        "cosine_sim": 0.7459943294525146,
        "mse": 0.02721022069454193
      },
      {
        "fret": 7,
        "cosine_sim": 0.6748369932174683,
        "mse": 0.04075184091925621
      },
      {
        "fret": 7,
        "cosine_sim": 0.7280338406562805,
        "mse": 0.030445698648691177
      },
      {
        "fret": 7,
        "cosine_sim": 0.6389060616493225,
        "mse": 0.0945141389966011
      },
      {
        "fret": 7,
        "cosine_sim": 0.6501233577728271,
        "mse": 0.03708016127347946
      },
      {
        "fret": 7,
        "cosine_sim": 0.6589719653129578,
        "mse": 0.04297689348459244
      },
      {
        "fret": 7,
        "cosine_sim": 0.7574008107185364,
        "mse": 0.029524631798267365
      },
      {
        "fret": 7,
        "cosine_sim": 0.6669653058052063,
        "mse": 0.040913984179496765
      },
      {
        "fret": 7,
        "cosine_sim": 0.7204185724258423,
        "mse": 0.032126061618328094
      },
      {
        "fret": 7,
        "cosine_sim": 0.6567784547805786,
        "mse": 0.04445299506187439
      },
      {
        "fret": 7,