{
  "mean_reward": 2.1037808504373356,
  "std_reward": 0.6667858087758475,
  "episode_success_rate": 0.95,
  "step_success_rate": 0.36769841269841275,
  "mean_steps": 4.1,
  "mean_attempts": 1355.85,
  "filter_rate": 0.9969760666740421,
  "mean_harmonic_prob": 0.8909361958503723,
  "mean_position": 186.0407489042812,
  "mean_torque": 174.01421126570023,
  "n_episodes": 20,
  "episode_rewards": [
    2.6237720750582807,
    3.9410477758710196,
    2.288343396616133,
    1.958525337034649,
    1.1670055618469433,
    2.6122487713210907,
    2.7627082508696548,
    1.3356510832688069,
    2.782142451343362,
    2.142153739030772,
    2.6668271961269503,
    2.6165193928921697,
    1.2521745464232983,
    1.7550816865687406,
    1.5591313663063633,
    1.944165158525342,
    1.58225022851364,
    1.5662262266453717,
    1.8660710274494285,
    1.6535717370347036
  ],
  "episode_successes": [
    1.0,
    1.0,
    1.0,
    1.0,
    0.0,
    1.0,
    1.0,
    1.0,
    1.0,
    1.0,
    1.0,
    1.0,
    1.0,
    1.0,
    1.0,
    1.0,
    1.0,
    1.0,
    1.0,
    1.0
  ],
  "episode_step_success_rates": [
    0.3333333333333333,
    0.14285714285714285,
    0.1111111111111111,
    0.3333333333333333,
    0.0,
    0.25,
    0.16666666666666666,
    1.0,
    0.2,
    0.5,
    0.2,
    0.3333333333333333,
    1.0,
    0.25,
    1.0,
    0.25,
    0.2,
    0.3333333333333333,
    0.25,
    0.5
  ],
  "episode_harmonic_probs": [
    0.9946784973144531,
    0.9259142279624939,
    0.896548330783844,
    0.9999982118606567,
    0.03520255163311958,
    0.828640341758728,
    0.8851866722106934,
    0.9753434062004089,
    0.9706323742866516,
    0.9999871253967285,
    0.898023784160614,
    0.9815601110458374,
    0.8606008887290955,
    0.9866829514503479,
    0.9929538369178772,
    0.9965502023696899,
    0.8691551089286804,
    0.9558088779449463,
    0.8649905920028687,
    0.9002654552459717
  ],
  "episode_target_frets": [
    7,
    7,
    7,
    7,
    7,
    7,
    7,
    7,
    7,
    7,
    7,
    7,
    7,
    7,
    7,
    7,
    7,
    7,
    7,
    7
  ],
  "episode_string_indices": [
    2,
    2,
    2,
    2,
    2,
    2,
    2,
    2,
    2,
    2,
    2,
    2,
    2,
    2,
    2,
    2,
    2,
    2,
    2,
    2
  ],
  "results_by_fret": {
    "7": {
      "n_episodes": 20,
      "episode_success_rate": 0.95,
      "step_success_rate": 0.36769841269841275,
      "mean_harmonic_prob": 0.8909361958503723,
      "mean_reward": 2.1037808504373356,
      "mean_steps": 4.1
    }
  },
  "results_by_string": {
    "2": {
      "n_episodes": 20,
      "episode_success_rate": 0.95,
      "step_success_rate": 0.36769841269841275,
      "mean_harmonic_prob": 0.8909361958503723,
      "mean_reward": 2.1037808504373356,
      "mean_steps": 4.1
    }
  }
}