{
  "episode": 2,
  "step": 2,
  "string_index": 2,
  "target_fret": 7,
  "fret_position": 6.980325222015381,
  "torque": 44.17259979248047,
  "harmonic_prob": "0.9406236",
  "dead_prob": "9.691733e-05",
  "general_prob": "0.05927954",
  "confidence": 0.9406235814094543,
  "predicted_label": "harmonic",
  "total_reward": 0.9326657915215001,
  "audio_reward": 0.9406235814094543,
  "fret_reward": 0.9984212602218296,
  "torque_reward": 0.8848597938367992,
  "device_sr": 44100,
  "wav_file": "000002_20260228_174454_str2_fret6.98_torque44.wav",
  "sample_rate": 44100,
  "suggested_label": "harmonic",
  "reviewed": false
}