{
  "episode": 4,
  "step": 2,
  "string_index": 2,
  "target_fret": 7,
  "fret_position": 7.036192417144775,
  "torque": 74.30130767822266,
  "harmonic_prob": "0.9183911",
  "dead_prob": "0.00011352127",
  "general_prob": "0.081495345",
  "confidence": 0.9183911085128784,
  "predicted_label": "harmonic",
  "total_reward": 0.9610593107493957,
  "audio_reward": 0.9183911085128784,
  "fret_reward": 0.9946677729446199,
  "torque_reward": 0.9967135923705039,
  "device_sr": 44100,
  "wav_file": "000004_20260228_174538_str2_fret7.04_torque74.wav",
  "sample_rate": 44100,
  "suggested_label": "harmonic",
  "reviewed": false
}