{
  "episode": 3,
  "step": 4,
  "string_index": 2,
  "target_fret": 7,
  "fret_position": 6.999294281005859,
  "torque": 61.65174102783203,
  "harmonic_prob": "0.9967884",
  "dead_prob": "3.6080455e-05",
  "general_prob": "0.0031755404",
  "confidence": 0.9967883825302124,
  "predicted_label": "harmonic",
  "total_reward": 0.9942312901103358,
  "audio_reward": 0.9967883825302124,
  "fret_reward": 0.9999979671886021,
  "torque_reward": 0.9876483558114855,
  "device_sr": 44100,
  "wav_file": "000003_20260228_174524_str2_fret7.00_torque62.wav",
  "sample_rate": 44100,
  "suggested_label": "harmonic",
  "reviewed": false
}