{
  "episode": 10,
  "step": 1,
  "string_index": 2,
  "target_fret": 7,
  "fret_position": 4.6205620765686035,
  "torque": 205.7327423095703,
  "harmonic_prob": "0.98323303",
  "dead_prob": "1.0682581e-05",
  "general_prob": "0.01675633",
  "confidence": 0.9832330346107483,
  "predicted_label": "harmonic",
  "total_reward": 0.2285626077949953,
  "audio_reward": 0.9832330346107483,
  "fret_reward": 9.201394771717151e-11,
  "torque_reward": -0.6111207365664122,
  "device_sr": 44100,
  "wav_file": "000010_20260227_123908_str2_fret4.62_torque206.wav",
  "sample_rate": 44100,
  "suggested_label": "harmonic",
  "reviewed": false
}