{
  "episode": 17,
  "step": 3,
  "string_index": 2,
  "target_fret": 7,
  "fret_position": 6.750598907470703,
  "torque": 275.10028076171875,
  "harmonic_prob": "0.9273611",
  "dead_prob": "0.00026016196",
  "general_prob": "0.07237875",
  "confidence": 0.9273610711097717,
  "predicted_label": "harmonic",
  "total_reward": 0.23911026166485422,
  "audio_reward": 0.9273610711097717,
  "fret_reward": 0.7757839250186024,
  "torque_reward": -0.9524543009664672,
  "device_sr": 44100,
  "wav_file": "000017_20260227_125904_str2_fret6.75_torque275.wav",
  "sample_rate": 44100,
  "suggested_label": "harmonic",
  "reviewed": false
}