{
  "episode": 17,
  "step": 1,
  "string_index": 2,
  "target_fret": 7,
  "fret_position": 6.957610607147217,
  "torque": 83.17259979248047,
  "harmonic_prob": "0.97596765",
  "dead_prob": "2.4702038e-07",
  "general_prob": "0.024032097",
  "confidence": 0.9759676456451416,
  "predicted_label": "harmonic",
  "total_reward": 0.9770101800295621,
  "audio_reward": 0.9759676456451416,
  "fret_reward": 0.9926927040596666,
  "torque_reward": 0.9693891390780431,
  "device_sr": 44100,
  "wav_file": "000017_20260228_160656_str2_fret6.96_torque83.wav",
  "sample_rate": 44100,
  "suggested_label": "harmonic",
  "reviewed": false
}