{
  "episode": 1,
  "step": 4,
  "string_index": 2,
  "target_fret": 7,
  "fret_position": 4.4327778816223145,
  "torque": 279.8774719238281,
  "harmonic_prob": "0.9507336",
  "dead_prob": "3.1257061e-06",
  "general_prob": "0.049263217",
  "confidence": 0.9507336020469666,
  "predicted_label": "harmonic",
  "total_reward": 0.09178254667174673,
  "audio_reward": 0.9507336020469666,
  "fret_reward": 2.0761037332403787e-12,
  "torque_reward": -0.96013592642801,
  "device_sr": 44100,
  "wav_file": "000001_20260227_123732_str2_fret4.43_torque280.wav",
  "sample_rate": 44100,
  "suggested_label": "harmonic",
  "reviewed": false
}