{
  "episode": 4,
  "step": 3,
  "string_index": 2,
  "target_fret": 7,
  "fret_position": 7.17448091506958,
  "torque": 25.665437698364258,
  "harmonic_prob": "0.9999982",
  "dead_prob": "2.5041265e-08",
  "general_prob": "1.73693e-06",
  "confidence": 0.9999982118606567,
  "predicted_label": "harmonic",
  "total_reward": 0.8644162183697619,
  "audio_reward": 0.9999982118606567,
  "fret_reward": 0.8831505894929077,
  "torque_reward": 0.679391157525385,
  "device_sr": 44100,
  "wav_file": "000004_20260227_130736_str2_fret7.17_torque26.wav",
  "sample_rate": 44100,
  "suggested_label": "harmonic",
  "reviewed": false
}