{
  "episode": 11,
  "step": 3,
  "string_index": 2,
  "target_fret": 7,
  "fret_position": 7.276291370391846,
  "torque": 281.3607482910156,
  "harmonic_prob": "0.9965592",
  "dead_prob": "6.9983207e-07",
  "general_prob": "0.0034400346",
  "confidence": 0.996559202671051,
  "predicted_label": "harmonic",
  "total_reward": 0.2581082019999991,
  "audio_reward": 0.996559202671051,
  "fret_reward": 0.7322895590043957,
  "torque_reward": -0.9622895742938657,
  "device_sr": 44100,
  "wav_file": "000011_20260227_125641_str2_fret7.28_torque281.wav",
  "sample_rate": 44100,
  "suggested_label": "harmonic",
  "reviewed": false
}