{
  "episode": 1,
  "step": 6,
  "string_index": 2,
  "target_fret": 7,
  "fret_position": 6.859405040740967,
  "torque": 97.13285064697266,
  "harmonic_prob": "0.9193292",
  "dead_prob": "0.0014115993",
  "general_prob": "0.07925922",
  "confidence": 0.9193292260169983,
  "predicted_label": "harmonic",
  "total_reward": 0.903854823414461,
  "audio_reward": 0.9193292260169983,
  "fret_reward": 0.922487550786391,
  "torque_reward": 0.8733118901415244,
  "device_sr": 44100,
  "wav_file": "000001_20260227_125321_str2_fret6.86_torque97.wav",
  "sample_rate": 44100,
  "suggested_label": "harmonic",
  "reviewed": false
}