{
  "episode": 7,
  "step": 2,
  "string_index": 2,
  "target_fret": 7,
  "fret_position": 7.044081687927246,
  "torque": 83.5432357788086,
  "harmonic_prob": "0.9407319",
  "dead_prob": "2.565407e-07",
  "general_prob": "0.059267834",
  "confidence": 0.9407318830490112,
  "predicted_label": "harmonic",
  "total_reward": 0.9604291200760653,
  "audio_reward": 0.9407318830490112,
  "fret_reward": 0.9920999616094706,
  "torque_reward": 0.9676565153774748,
  "device_sr": 44100,
  "wav_file": "000007_20260228_160314_str2_fret7.04_torque84.wav",
  "sample_rate": 44100,
  "suggested_label": "harmonic",
  "reviewed": false
}