{
  "episode": 4,
  "step": 1,
  "string_index": 2,
  "target_fret": 7,
  "fret_position": 3.3119895458221436,
  "torque": 60.080570220947266,
  "harmonic_prob": "0.95286554",
  "dead_prob": "1.0608831e-05",
  "general_prob": "0.04712395",
  "confidence": 0.9528655409812927,
  "predicted_label": "harmonic",
  "total_reward": 0.7726938283662208,
  "audio_reward": 0.9528655409812927,
  "fret_reward": 7.757210467480368e-25,
  "torque_reward": 0.9825838140703973,
  "device_sr": 44100,
  "wav_file": "000004_20260227_123756_str2_fret3.31_torque60.wav",
  "sample_rate": 44100,
  "suggested_label": "harmonic",
  "reviewed": false
}