{
  "episode": 4,
  "step": 1,
  "string_index": 2,
  "target_fret": 7,
  "fret_position": 6.975882530212402,
  "torque": 89.50118255615234,
  "harmonic_prob": "0.8369177",
  "dead_prob": "9.15516e-06",
  "general_prob": "0.16307314",
  "confidence": 0.8369176983833313,
  "predicted_label": "harmonic",
  "total_reward": 0.9028713216293022,
  "audio_reward": 0.8369176983833313,
  "fret_reward": 0.9976287247054714,
  "torque_reward": 0.9335217497591681,
  "device_sr": 44100,
  "wav_file": "000004_20260228_160229_str2_fret6.98_torque90.wav",
  "sample_rate": 44100,
  "suggested_label": "harmonic",
  "reviewed": false
}