{
  "episode": 10,
  "step": 4,
  "string_index": 2,
  "target_fret": 7,
  "fret_position": 7.230586528778076,
  "torque": 60.519439697265625,
  "harmonic_prob": "0.94358104",
  "dead_prob": "6.27742e-07",
  "general_prob": "0.056418277",
  "confidence": 0.9435810446739197,
  "predicted_label": "harmonic",
  "total_reward": 0.9300237662228144,
  "audio_reward": 0.9435810446739197,
  "fret_reward": 0.8049130585481862,
  "torque_reward": 0.9840848125997523,
  "device_sr": 44100,
  "wav_file": "000009_20260228_113749_str2_fret7.23_torque61.wav",
  "sample_rate": 44100,
  "suggested_label": "harmonic",
  "reviewed": false
}