{
  "episode": 7,
  "step": 4,
  "string_index": 2,
  "target_fret": 7,
  "fret_position": 2.716407537460327,
  "torque": 264.093994140625,
  "harmonic_prob": "0.9730663",
  "dead_prob": "0.003205663",
  "general_prob": "0.02372813",
  "confidence": 0.9730662703514099,
  "predicted_label": "harmonic",
  "total_reward": 0.11247168362924298,
  "audio_reward": 0.9730662703514099,
  "fret_reward": 2.976534064662791e-33,
  "torque_reward": -0.9297375372254044,
  "device_sr": 44100,
  "wav_file": "000007_20260227_123845_str2_fret2.72_torque264.wav",
  "sample_rate": 44100,
  "suggested_label": "harmonic",
  "reviewed": false
}