{
  "episode": 9,
  "step": 1,
  "string_index": 2,
  "target_fret": 7,
  "fret_position": 6.858466148376465,
  "torque": 63.08820724487305,
  "harmonic_prob": "0.84613776",
  "dead_prob": "1.42083045e-05",
  "general_prob": "0.15384804",
  "confidence": 0.8461377620697021,
  "predicted_label": "harmonic",
  "total_reward": 0.9120939040309736,
  "audio_reward": 0.8461377620697021,
  "fret_reward": 0.921490716604928,
  "torque_reward": 0.9915250507960631,
  "device_sr": 44100,
  "wav_file": "000009_20260228_160335_str2_fret6.86_torque63.wav",
  "sample_rate": 44100,
  "suggested_label": "harmonic",
  "reviewed": false
}