{
  "episode": 8,
  "step": 1,
  "string_index": 2,
  "target_fret": 7,
  "fret_position": 7.158172607421875,
  "torque": 35.29890441894531,
  "harmonic_prob": "0.999892",
  "dead_prob": "4.891114e-06",
  "general_prob": "0.00010313043",
  "confidence": 0.999891996383667,
  "predicted_label": "harmonic",
  "total_reward": 0.9094809580731991,
  "audio_reward": 0.999891996383667,
  "fret_reward": 0.9029242397269115,
  "torque_reward": 0.7969848907290478,
  "device_sr": 44100,
  "wav_file": "000008_20260227_125547_str2_fret7.16_torque35.wav",
  "sample_rate": 44100,
  "suggested_label": "harmonic",
  "reviewed": false
}