{
  "episode": 16,
  "step": 4,
  "string_index": 2,
  "target_fret": 7,
  "fret_position": 6.892177581787109,
  "torque": 31.64195442199707,
  "harmonic_prob": "0.9965502",
  "dead_prob": "0.0006105768",
  "general_prob": "0.0028391047",
  "confidence": 0.9965502023696899,
  "predicted_label": "harmonic",
  "total_reward": 0.9033629104300163,
  "audio_reward": 0.9965502023696899,
  "fret_reward": 0.9536565049461058,
  "torque_reward": 0.7548114810698132,
  "device_sr": 44100,
  "wav_file": "000015_20260227_131207_str2_fret6.89_torque32.wav",
  "sample_rate": 44100,
  "suggested_label": "harmonic",
  "reviewed": false
}