{
  "episode": 3,
  "step": 1,
  "string_index": 2,
  "target_fret": 7,
  "fret_position": 7.2516961097717285,
  "torque": 74.53594207763672,
  "harmonic_prob": "0.99998",
  "dead_prob": "6.301241e-08",
  "general_prob": "1.9850204e-05",
  "confidence": 0.9999799728393555,
  "predicted_label": "harmonic",
  "total_reward": 0.953142137571579,
  "audio_reward": 0.9999799728393555,
  "fret_reward": 0.7721509389270732,
  "torque_reward": 0.996345605738441,
  "device_sr": 44100,
  "wav_file": "000003_20260227_125359_str2_fret7.25_torque75.wav",
  "sample_rate": 44100,
  "suggested_label": "harmonic",
  "reviewed": false
}