{
  "episode": 15,
  "step": 2,
  "string_index": 2,
  "target_fret": 7,
  "fret_position": 6.946892261505127,
  "torque": 56.7748908996582,
  "harmonic_prob": "0.9726184",
  "dead_prob": "7.846457e-06",
  "general_prob": "0.027373733",
  "confidence": 0.9726184010505676,
  "predicted_label": "harmonic",
  "total_reward": 0.9745903650894805,
  "audio_reward": 0.9726184010505676,
  "fret_reward": 0.9885540422596873,
  "torque_reward": 0.9691465033279647,
  "device_sr": 44100,
  "wav_file": "000015_20260228_160638_str2_fret6.95_torque57.wav",
  "sample_rate": 44100,
  "suggested_label": "harmonic",
  "reviewed": false
}