{
  "episode": 3,
  "step": 5,
  "string_index": 2,
  "target_fret": 7,
  "fret_position": 6.92009973526001,
  "torque": 78.58074188232422,
  "harmonic_prob": "0.94154924",
  "dead_prob": "3.9889624e-06",
  "general_prob": "0.058446705",
  "confidence": 0.9415492415428162,
  "predicted_label": "harmonic",
  "total_reward": 0.9639865913516527,
  "audio_reward": 0.9415492415428162,
  "fret_reward": 0.9742792069078742,
  "torque_reward": 0.9869531179308872,
  "device_sr": 44100,
  "wav_file": "000003_20260228_160223_str2_fret6.92_torque79.wav",
  "sample_rate": 44100,
  "suggested_label": "harmonic",
  "reviewed": false
}