{
  "episode": 1,
  "step": 3,
  "string_index": 2,
  "target_fret": 7,
  "fret_position": 7.178128242492676,
  "torque": 42.85237121582031,
  "harmonic_prob": "0.9946785",
  "dead_prob": "0.00021566325",
  "general_prob": "0.0051058372",
  "confidence": 0.9946784973144531,
  "predicted_label": "harmonic",
  "total_reward": 0.9289230970889764,
  "audio_reward": 0.9946784973144531,
  "fret_reward": 0.8785268043706114,
  "torque_reward": 0.8731783212095718,
  "device_sr": 44100,
  "wav_file": "000001_20260227_130544_str2_fret7.18_torque43.wav",
  "sample_rate": 44100,
  "suggested_label": "harmonic",
  "reviewed": false
}