{
  "episode": 2,
  "step": 2,
  "string_index": 2,
  "target_fret": 7,
  "fret_position": 3.382002830505371,
  "torque": 487.5820007324219,
  "harmonic_prob": "0.9965501",
  "dead_prob": "1.2168422e-05",
  "general_prob": "0.0034377303",
  "confidence": 0.9965500831604004,
  "predicted_label": "harmonic",
  "total_reward": 0.09844766730272342,
  "audio_reward": 0.9965500831604004,
  "fret_reward": 6.2580247829653984e-24,
  "torque_reward": -0.9999996289127336,
  "device_sr": 44100,
  "wav_file": "000002_20260227_123744_str2_fret3.38_torque488.wav",
  "sample_rate": 44100,
  "suggested_label": "harmonic",
  "reviewed": false
}