{
  "episode": 6,
  "step": 4,
  "string_index": 2,
  "target_fret": 7,
  "fret_position": 6.850534439086914,
  "torque": 51.90565872192383,
  "harmonic_prob": "0.8942453",
  "dead_prob": "4.0045616e-06",
  "general_prob": "0.105750546",
  "confidence": 0.8942453265190125,
  "predicted_label": "harmonic",
  "total_reward": 0.9149021421091398,
  "audio_reward": 0.8942453265190125,
  "fret_reward": 0.9128502009368545,
  "torque_reward": 0.9426334428234666,
  "device_sr": 44100,
  "wav_file": "000006_20260228_160303_str2_fret6.85_torque52.wav",
  "sample_rate": 44100,
  "suggested_label": "harmonic",
  "reviewed": false
}