{
  "episode": 11,
  "step": 5,
  "string_index": 2,
  "target_fret": 7,
  "fret_position": 6.769012451171875,
  "torque": 266.681884765625,
  "harmonic_prob": "0.8980238",
  "dead_prob": "0.00027984896",
  "general_prob": "0.10169644",
  "confidence": 0.898023784160614,
  "predicted_label": "harmonic",
  "total_reward": 0.23744943275972014,
  "audio_reward": 0.898023784160614,
  "fret_reward": 0.8043051666725084,
  "torque_reward": -0.9357780098487367,
  "device_sr": 44100,
  "wav_file": "000010_20260227_131049_str2_fret6.77_torque267.wav",
  "sample_rate": 44100,
  "suggested_label": "harmonic",
  "reviewed": false
}