{
  "episode": 11,
  "step": 7,
  "string_index": 2,
  "target_fret": 7,
  "fret_position": 6.831894397735596,
  "torque": 59.48580551147461,
  "harmonic_prob": "0.9365072",
  "dead_prob": "4.174822e-06",
  "general_prob": "0.06348861",
  "confidence": 0.9365072250366211,
  "predicted_label": "harmonic",
  "total_reward": 0.9427951350002262,
  "audio_reward": 0.9365072250366211,
  "fret_reward": 0.8910587901470955,
  "torque_reward": 0.9804432162980787,
  "device_sr": 44100,
  "wav_file": "000011_20260228_160448_str2_fret6.83_torque59.wav",
  "sample_rate": 44100,
  "suggested_label": "harmonic",
  "reviewed": false
}