{
  "episode": 18,
  "step": 6,
  "string_index": 2,
  "target_fret": 7,
  "fret_position": 6.943073272705078,
  "torque": 47.25824737548828,
  "harmonic_prob": "0.9880733",
  "dead_prob": "3.9807484e-05",
  "general_prob": "0.011886915",
  "confidence": 0.9880732893943787,
  "predicted_label": "harmonic",
  "total_reward": 0.9605529238627372,
  "audio_reward": 0.9880732893943787,
  "fret_reward": 0.9868599421855444,
  "torque_reward": 0.9101370148518799,
  "device_sr": 44100,
  "wav_file": "000018_20260228_160736_str2_fret6.94_torque47.wav",
  "sample_rate": 44100,
  "suggested_label": "harmonic",
  "reviewed": false
}