{
  "episode": 5,
  "step": 4,
  "string_index": 2,
  "target_fret": 7,
  "fret_position": 7.2532806396484375,
  "torque": 85.24923706054688,
  "harmonic_prob": "0.92973745",
  "dead_prob": "7.7908176e-08",
  "general_prob": "0.070262514",
  "confidence": 0.9297374486923218,
  "predicted_label": "harmonic",
  "total_reward": 0.9079879121463256,
  "audio_reward": 0.9297374486923218,
  "fret_reward": 0.7696332681358874,
  "torque_reward": 0.9590840188788667,
  "device_sr": 44100,
  "wav_file": "000005_20260228_113410_str2_fret7.25_torque85.wav",
  "sample_rate": 44100,
  "suggested_label": "harmonic",
  "reviewed": false
}