{
  "episode": 12,
  "step": 3,
  "string_index": 2,
  "target_fret": 7,
  "fret_position": 7.109020233154297,
  "torque": 86.01730346679688,
  "harmonic_prob": "0.9815601",
  "dead_prob": "3.8789196e-05",
  "general_prob": "0.018401014",
  "confidence": 0.9815601110458374,
  "predicted_label": "harmonic",
  "total_reward": 0.9664485380274457,
  "audio_reward": 0.9815601110458374,
  "fret_reward": 0.9526460193269233,
  "torque_reward": 0.9549065262612406,
  "device_sr": 44100,
  "wav_file": "000011_20260227_131107_str2_fret7.11_torque86.wav",
  "sample_rate": 44100,
  "suggested_label": "harmonic",
  "reviewed": false
}