{
  "episode": 14,
  "step": 10,
  "string_index": 2,
  "target_fret": 7,
  "fret_position": 7.164866924285889,
  "torque": 82.09469604492188,
  "harmonic_prob": "0.99914336",
  "dead_prob": "7.175222e-06",
  "general_prob": "0.0008495205",
  "confidence": 0.9991433620452881,
  "predicted_label": "harmonic",
  "total_reward": 0.9695693650619611,
  "audio_reward": 0.9991433620452881,
  "fret_reward": 0.8949895144963883,
  "torque_reward": 0.974162712120868,
  "device_sr": 44100,
  "wav_file": "000014_20260227_125810_str2_fret7.16_torque82.wav",
  "sample_rate": 44100,
  "suggested_label": "harmonic",
  "reviewed": false
}