{
  "episode": 4,
  "step": 3,
  "string_index": 2,
  "target_fret": 7,
  "fret_position": 7.215138912200928,
  "torque": 171.8316192626953,
  "harmonic_prob": "0.8926937",
  "dead_prob": "7.2621167e-09",
  "general_prob": "0.10730632",
  "confidence": 0.8926936984062195,
  "predicted_label": "harmonic",
  "total_reward": 0.49575893709340946,
  "audio_reward": 0.8926936984062195,
  "fret_reward": 0.8278549233973623,
  "torque_reward": -0.20435489105389093,
  "device_sr": 44100,
  "wav_file": "000001_20260228_153545_str2_fret7.22_torque172.wav",
  "sample_rate": 44100,
  "suggested_label": "harmonic",
  "reviewed": false
}