{
  "episode": 20,
  "step": 10,
  "string_index": 2,
  "target_fret": 7,
  "fret_position": 6.880413055419922,
  "torque": 220.58824157714844,
  "harmonic_prob": "0.8012641",
  "dead_prob": "1.3093086e-08",
  "general_prob": "0.19873583",
  "confidence": 0.8012641072273254,
  "predicted_label": "harmonic",
  "total_reward": 0.2924860964791392,
  "audio_reward": 0.8012641072273254,
  "fret_reward": 0.9432993703029983,
  "torque_reward": -0.7335503595250197,
  "device_sr": 44100,
  "wav_file": "000007_20260228_154910_str2_fret6.88_torque221.wav",
  "sample_rate": 44100,
  "suggested_label": "harmonic",
  "reviewed": false
}