{
  "episode": 6,
  "step": 8,
  "string_index": 2,
  "target_fret": 7,
  "fret_position": 7.065961837768555,
  "torque": 76.55850219726562,
  "harmonic_prob": "0.9695514",
  "dead_prob": "0.0001892198",
  "general_prob": "0.030259404",
  "confidence": 0.9695513844490051,
  "predicted_label": "harmonic",
  "total_reward": 0.9801063545546644,
  "audio_reward": 0.9695513844490051,
  "fret_reward": 0.9823977254361279,
  "torque_reward": 0.9923676756153901,
  "device_sr": 44100,
  "wav_file": "000006_20260227_125511_str2_fret7.07_torque77.wav",
  "sample_rate": 44100,
  "suggested_label": "harmonic",
  "reviewed": false
}