{
  "episode": 12,
  "step": 1,
  "string_index": 2,
  "target_fret": 7,
  "fret_position": 2.441546678543091,
  "torque": 199.7820587158203,
  "harmonic_prob": "0.9989122",
  "dead_prob": "1.0770789e-06",
  "general_prob": "0.001086665",
  "confidence": 0.9989122152328491,
  "predicted_label": "harmonic",
  "total_reward": 0.2561411891428509,
  "audio_reward": 0.9989122152328491,
  "fret_reward": 1.4642984610371802e-37,
  "torque_reward": -0.5524837363198036,
  "device_sr": 44100,
  "wav_file": "000012_20260227_123919_str2_fret2.44_torque200.wav",
  "sample_rate": 44100,
  "suggested_label": "harmonic",
  "reviewed": false
}