{
  "episode": 1,
  "step": 2,
  "string_index": 2,
  "target_fret": 7,
  "fret_position": 7.085859298706055,
  "torque": 216.85104370117188,
  "harmonic_prob": "0.92854905",
  "dead_prob": "2.5160249e-05",
  "general_prob": "0.07142576",
  "confidence": 0.92854905128479,
  "predicted_label": "harmonic",
  "total_reward": 0.3648614476380204,
  "audio_reward": 0.92854905128479,
  "fret_reward": 0.9703591115999407,
  "torque_reward": -0.7058784221717809,
  "device_sr": 44100,
  "wav_file": "000001_20260228_113301_str2_fret7.09_torque217.wav",
  "sample_rate": 44100,
  "suggested_label": "harmonic",
  "reviewed": false
}