{
  "episode": 6,
  "step": 8,
  "string_index": 2,
  "target_fret": 7,
  "fret_position": 7.2794928550720215,
  "torque": 74.6193618774414,
  "harmonic_prob": "0.9871569",
  "dead_prob": "5.254147e-07",
  "general_prob": "0.012842536",
  "confidence": 0.9871569275856018,
  "predicted_label": "harmonic",
  "total_reward": 0.9382922477588687,
  "audio_reward": 0.9871569275856018,
  "fret_reward": 0.7269905054971955,
  "torque_reward": 0.9962100835597396,
  "device_sr": 44100,
  "wav_file": "000006_20260228_113457_str2_fret7.28_torque75.wav",
  "sample_rate": 44100,
  "suggested_label": "harmonic",
  "reviewed": false
}