{
  "episode": 16,
  "step": 4,
  "string_index": 2,
  "target_fret": 7,
  "fret_position": 7.128927230834961,
  "torque": 218.0391845703125,
  "harmonic_prob": "0.8436937",
  "dead_prob": "3.4184894e-05",
  "general_prob": "0.15627214",
  "confidence": 0.8436936736106873,
  "predicted_label": "harmonic",
  "total_reward": 0.3163289647187257,
  "audio_reward": 0.8436936736106873,
  "fret_reward": 0.934404510080247,
  "torque_reward": -0.7148974012060944,
  "device_sr": 44100,
  "wav_file": "000016_20260227_125846_str2_fret7.13_torque218.wav",
  "sample_rate": 44100,
  "suggested_label": "harmonic",
  "reviewed": false
}