{
  "episode": 5,
  "step": 2,
  "string_index": 2,
  "target_fret": 7,
  "fret_position": 7.012159824371338,
  "torque": 60.12074279785156,
  "harmonic_prob": "0.9894757",
  "dead_prob": "0.00055233587",
  "general_prob": "0.009971864",
  "confidence": 0.9894757270812988,
  "predicted_label": "harmonic",
  "total_reward": 0.9890968055107151,
  "audio_reward": 0.9894757270812988,
  "fret_reward": 0.9993966664514078,
  "torque_reward": 0.9827239858109973,
  "device_sr": 44100,
  "wav_file": "000005_20260227_125423_str2_fret7.01_torque60.wav",
  "sample_rate": 44100,
  "suggested_label": "harmonic",
  "reviewed": false
}