{
  "episode": 8,
  "step": 8,
  "string_index": 2,
  "target_fret": 7,
  "fret_position": 7.2391533851623535,
  "torque": 76.46792602539062,
  "harmonic_prob": "0.8278503",
  "dead_prob": "7.6234005e-07",
  "general_prob": "0.17214893",
  "confidence": 0.8278502821922302,
  "predicted_label": "harmonic",
  "total_reward": 0.878294476186819,
  "audio_reward": 0.8278502821922302,
  "fret_reward": 0.7918001202933779,
  "torque_reward": 0.9925766432618279,
  "device_sr": 44100,
  "wav_file": "000008_20260228_113623_str2_fret7.24_torque76.wav",
  "sample_rate": 44100,
  "suggested_label": "harmonic",
  "reviewed": false
}