{
  "episode": 5,
  "step": 1,
  "string_index": 2,
  "target_fret": 7,
  "fret_position": 6.911164283752441,
  "torque": 53.63777160644531,
  "harmonic_prob": "0.9807046",
  "dead_prob": "3.5173437e-06",
  "general_prob": "0.019291867",
  "confidence": 0.9807046055793762,
  "predicted_label": "harmonic",
  "total_reward": 0.9685158118043795,
  "audio_reward": 0.9807046055793762,
  "fret_reward": 0.9683018950958643,
  "torque_reward": 0.9529667436413922,
  "device_sr": 44100,
  "wav_file": "000002_20260228_153551_str2_fret6.91_torque54.wav",
  "sample_rate": 44100,
  "suggested_label": "harmonic",
  "reviewed": false
}