{
  "episode": 3,
  "step": 1,
  "string_index": 2,
  "target_fret": 7,
  "fret_position": 3.296293258666992,
  "torque": 309.2926330566406,
  "harmonic_prob": "0.88108474",
  "dead_prob": "1.0801665e-05",
  "general_prob": "0.11890447",
  "confidence": 0.8810847401618958,
  "predicted_label": "harmonic",
  "total_reward": 0.05079933548641308,
  "audio_reward": 0.8810847401618958,
  "fret_reward": 4.831038743350776e-25,
  "torque_reward": -0.9876822788184,
  "device_sr": 44100,
  "wav_file": "000003_20260227_123750_str2_fret3.30_torque309.wav",
  "sample_rate": 44100,
  "suggested_label": "harmonic",
  "reviewed": false
}