{
  "episode": 8,
  "step": 2,
  "string_index": 2,
  "target_fret": 7,
  "fret_position": 4.005333423614502,
  "torque": 559.3720092773438,
  "harmonic_prob": "0.99391454",
  "dead_prob": "5.06824e-06",
  "general_prob": "0.006080343",
  "confidence": 0.9939145445823669,
  "predicted_label": "harmonic",
  "total_reward": 0.09726154546020122,
  "audio_reward": 0.9939145445823669,
  "fret_reward": 1.2676514829469086e-16,
  "torque_reward": -0.9999999988624684,
  "device_sr": 44100,
  "wav_file": "000008_20260227_123856_str2_fret4.01_torque559.wav",
  "sample_rate": 44100,
  "suggested_label": "harmonic",
  "reviewed": false
}