{
  "episode": 20,
  "step": 2,
  "string_index": 2,
  "target_fret": 7,
  "fret_position": 7.03104829788208,
  "torque": 56.4680061340332,
  "harmonic_prob": "0.9543708",
  "dead_prob": "1.3580709e-05",
  "general_prob": "0.045615666",
  "confidence": 0.9543707966804504,
  "predicted_label": "harmonic",
  "total_reward": 0.967379881878041,
  "audio_reward": 0.9543707966804504,
  "fret_reward": 0.996073049892028,
  "torque_reward": 0.967709752552665,
  "device_sr": 44100,
  "wav_file": "000019_20260228_160901_str2_fret7.03_torque56.wav",
  "sample_rate": 44100,
  "suggested_label": "harmonic",
  "reviewed": false
}