{
  "episode": 12,
  "step": 1,
  "string_index": 2,
  "target_fret": 7,
  "fret_position": 6.8923468589782715,
  "torque": 50.7279167175293,
  "harmonic_prob": "0.9887267",
  "dead_prob": "6.2594796e-07",
  "general_prob": "0.011272783",
  "confidence": 0.9887266755104065,
  "predicted_label": "harmonic",
  "total_reward": 0.9629538698780358,
  "audio_reward": 0.9887266755104065,
  "fret_reward": 0.9537984939395786,
  "torque_reward": 0.9350490488869632,
  "device_sr": 44100,
  "wav_file": "000003_20260228_154237_str2_fret6.89_torque51.wav",
  "sample_rate": 44100,
  "suggested_label": "harmonic",
  "reviewed": false
}