{
  "episode": 13,
  "step": 1,
  "string_index": 2,
  "target_fret": 7,
  "fret_position": 7.252797603607178,
  "torque": 235.78558349609375,
  "harmonic_prob": "0.8606009",
  "dead_prob": "3.5403024e-05",
  "general_prob": "0.13936377",
  "confidence": 0.8606008887290955,
  "predicted_label": "harmonic",
  "total_reward": 0.2521745464232984,
  "audio_reward": 0.8606008887290955,
  "fret_reward": 0.7704015695501988,
  "torque_reward": -0.826217621185241,
  "device_sr": 44100,
  "wav_file": "000012_20260227_131113_str2_fret7.25_torque236.wav",
  "sample_rate": 44100,
  "suggested_label": "harmonic",
  "reviewed": false
}