{
  "episode": 9,
  "step": 5,
  "string_index": 2,
  "target_fret": 7,
  "fret_position": 6.925015449523926,
  "torque": 86.54331970214844,
  "harmonic_prob": "0.9706324",
  "dead_prob": "0.00095766643",
  "general_prob": "0.028409917",
  "confidence": 0.9706323742866516,
  "predicted_label": "harmonic",
  "total_reward": 0.965423290670975,
  "audio_reward": 0.9706323742866516,
  "fret_reward": 0.9773116161413573,
  "torque_reward": 0.9519325686106008,
  "device_sr": 44100,
  "wav_file": "000008_20260227_131008_str2_fret6.93_torque87.wav",
  "sample_rate": 44100,
  "suggested_label": "harmonic",
  "reviewed": false
}