{
  "episode": 13,
  "step": 4,
  "string_index": 2,
  "target_fret": 7,
  "fret_position": 7.159224987030029,
  "torque": 55.203006744384766,
  "harmonic_prob": "0.99987423",
  "dead_prob": "5.672419e-06",
  "general_prob": "0.000119993354",
  "confidence": 0.9998742341995239,
  "predicted_label": "harmonic",
  "total_reward": 0.9667903185564435,
  "audio_reward": 0.9998742341995239,
  "fret_reward": 0.9016940693434486,
  "torque_reward": 0.9614517122799084,
  "device_sr": 44100,
  "wav_file": "000013_20260227_125711_str2_fret7.16_torque55.wav",
  "sample_rate": 44100,
  "suggested_label": "harmonic",
  "reviewed": false
}