{
  "episode": 3,
  "step": 2,
  "string_index": 2,
  "target_fret": 7,
  "fret_position": 7.100221633911133,
  "torque": 182.13333129882812,
  "harmonic_prob": "0.9562242",
  "dead_prob": "0.00017297883",
  "general_prob": "0.043602843",
  "confidence": 0.9562242031097412,
  "predicted_label": "harmonic",
  "total_reward": 0.501193881972317,
  "audio_reward": 0.9562242031097412,
  "fret_reward": 0.9598315749537547,
  "torque_reward": -0.3459237840509073,
  "device_sr": 44100,
  "wav_file": "000003_20260228_113324_str2_fret7.10_torque182.wav",
  "sample_rate": 44100,
  "suggested_label": "harmonic",
  "reviewed": false
}