{
  "episode": 6,
  "step": 1,
  "string_index": 2,
  "target_fret": 7,
  "fret_position": 2.6432912349700928,
  "torque": 371.7087097167969,
  "harmonic_prob": "0.92421216",
  "dead_prob": "9.073043e-06",
  "general_prob": "0.07577883",
  "confidence": 0.9242121577262878,
  "predicted_label": "harmonic",
  "total_reward": 0.06610978554945679,
  "audio_reward": 0.9242121577262878,
  "fret_reward": 2.2586921807553077e-34,
  "torque_reward": -0.9993876726496366,
  "device_sr": 44100,
  "wav_file": "000006_20260227_123821_str2_fret2.64_torque372.wav",
  "sample_rate": 44100,
  "suggested_label": "harmonic",
  "reviewed": false
}