{
  "episode": 10,
  "step": 2,
  "string_index": 2,
  "target_fret": 7,
  "fret_position": 7.296101093292236,
  "torque": 55.928977966308594,
  "harmonic_prob": "0.9999871",
  "dead_prob": "3.9202515e-08",
  "general_prob": "1.2879584e-05",
  "confidence": 0.9999871253967285,
  "predicted_label": "harmonic",
  "total_reward": 0.9276164772713716,
  "audio_reward": 0.9999871253967285,
  "fret_reward": 0.6991705027673141,
  "torque_reward": 0.9651090579696602,
  "device_sr": 44100,
  "wav_file": "000009_20260227_131019_str2_fret7.30_torque56.wav",
  "sample_rate": 44100,
  "suggested_label": "harmonic",
  "reviewed": false
}