{
  "episode": 19,
  "step": 4,
  "string_index": 2,
  "target_fret": 7,
  "fret_position": 6.951825141906738,
  "torque": 42.79708480834961,
  "harmonic_prob": "0.8649906",
  "dead_prob": "0.0010735367",
  "general_prob": "0.13393584",
  "confidence": 0.8649905920028687,
  "predicted_label": "harmonic",
  "total_reward": 0.8927974903336944,
  "audio_reward": 0.8649905920028687,
  "fret_reward": 0.9905720026455497,
  "torque_reward": 0.872678066866553,
  "device_sr": 44100,
  "wav_file": "000018_20260227_131320_str2_fret6.95_torque43.wav",
  "sample_rate": 44100,
  "suggested_label": "harmonic",
  "reviewed": false
}