{
  "episode": 5,
  "step": 3,
  "string_index": 2,
  "target_fret": 7,
  "fret_position": 2.1058406829833984,
  "torque": 383.90496826171875,
  "harmonic_prob": "0.9517965",
  "dead_prob": "5.6668874e-08",
  "general_prob": "0.0482035",
  "confidence": 0.9517964720726013,
  "predicted_label": "harmonic",
  "total_reward": 0.0784183651911517,
  "audio_reward": 0.9517964720726013,
  "fret_reward": 3.4717093439272013e-43,
  "torque_reward": -0.9996858492614826,
  "device_sr": 44100,
  "wav_file": "000005_20260227_123815_str2_fret2.11_torque384.wav",
  "sample_rate": 44100,
  "suggested_label": "harmonic",
  "reviewed": false
}