{
  "episode": 17,
  "step": 5,
  "string_index": 2,
  "target_fret": 7,
  "fret_position": 6.781475067138672,
  "torque": 254.10919189453125,
  "harmonic_prob": "0.8691551",
  "dead_prob": "0.00013456334",
  "general_prob": "0.13071035",
  "confidence": 0.8691551089286804,
  "predicted_label": "harmonic",
  "total_reward": 0.24010239777385173,
  "audio_reward": 0.8691551089286804,
  "fret_reward": 0.8229080572337688,
  "torque_reward": -0.9017114648308809,
  "device_sr": 44100,
  "wav_file": "000016_20260227_131239_str2_fret6.78_torque254.wav",
  "sample_rate": 44100,
  "suggested_label": "harmonic",
  "reviewed": false
}