{
  "episode": 5,
  "step": 1,
  "string_index": 2,
  "target_fret": 7,
  "fret_position": 6.9625163078308105,
  "torque": 65.31613159179688,
  "harmonic_prob": "0.88479465",
  "dead_prob": "1.6257087e-05",
  "general_prob": "0.115189135",
  "confidence": 0.8847946524620056,
  "predicted_label": "harmonic",
  "total_reward": 0.9456501754209501,
  "audio_reward": 0.8847946524620056,
  "fret_reward": 0.9942816077930077,
  "torque_reward": 0.9961036007269886,
  "device_sr": 44100,
  "wav_file": "000005_20260228_160236_str2_fret6.96_torque65.wav",
  "sample_rate": 44100,
  "suggested_label": "harmonic",
  "reviewed": false
}