{
  "episode": 4,
  "step": 4,
  "string_index": 2,
  "target_fret": 7,
  "fret_position": 7.235381603240967,
  "torque": 59.48525619506836,
  "harmonic_prob": "0.9713856",
  "dead_prob": "7.243905e-06",
  "general_prob": "0.028607123",
  "confidence": 0.9713855981826782,
  "predicted_label": "harmonic",
  "total_reward": 0.9397990892781987,
  "audio_reward": 0.9713855981826782,
  "fret_reward": 0.7976057806274901,
  "torque_reward": 0.9804411827728439,
  "device_sr": 44100,
  "wav_file": "000004_20260228_113346_str2_fret7.24_torque59.wav",
  "sample_rate": 44100,
  "suggested_label": "harmonic",
  "reviewed": false
}