{
  "episode": 16,
  "step": 3,
  "string_index": 2,
  "target_fret": 7,
  "fret_position": 7.259864807128906,
  "torque": 183.29859924316406,
  "harmonic_prob": "0.8771534",
  "dead_prob": "4.25573e-08",
  "general_prob": "0.12284664",
  "confidence": 0.8771533966064453,
  "predicted_label": "harmonic",
  "total_reward": 0.42018069000532365,
  "audio_reward": 0.8771533966064453,
  "fret_reward": 0.7590926033529732,
  "torque_reward": -0.3610195975376327,
  "device_sr": 44100,
  "wav_file": "000005_20260228_154530_str2_fret7.26_torque183.wav",
  "sample_rate": 44100,
  "suggested_label": "harmonic",
  "reviewed": false
}