{
  "episode": 15,
  "step": 1,
  "string_index": 2,
  "target_fret": 7,
  "fret_position": 7.182007312774658,
  "torque": 170.03573608398438,
  "harmonic_prob": "0.99295384",
  "dead_prob": "1.6761903e-06",
  "general_prob": "0.007044542",
  "confidence": 0.9929538369178772,
  "predicted_label": "harmonic",
  "total_reward": 0.5591313663063633,
  "audio_reward": 0.9929538369178772,
  "fret_reward": 0.8735316950822514,
  "torque_reward": -0.1782977123518047,
  "device_sr": 44100,
  "wav_file": "000014_20260227_131143_str2_fret7.18_torque170.wav",
  "sample_rate": 44100,
  "suggested_label": "harmonic",
  "reviewed": false
}