{
  "episode": 7,
  "step": 6,
  "string_index": 2,
  "target_fret": 7,
  "fret_position": 7.271233558654785,
  "torque": 74.72755432128906,
  "harmonic_prob": "0.8007944",
  "dead_prob": "1.8862229e-06",
  "general_prob": "0.19920364",
  "confidence": 0.8007944226264954,
  "predicted_label": "harmonic",
  "total_reward": 0.8570909607898459,
  "audio_reward": 0.8007944226264954,
  "fret_reward": 0.7406137125100742,
  "torque_reward": 0.9960306517311663,
  "device_sr": 44100,
  "wav_file": "000007_20260228_113534_str2_fret7.27_torque75.wav",
  "sample_rate": 44100,
  "suggested_label": "harmonic",
  "reviewed": false
}